history_id,customer_id,segment,valid_from,valid_to,reason
1,1,mass,2025-12-05,,onboarding
2,2,mass,2023-09-24,,onboarding
3,3,premium,2024-05-18,,onboarding
4,4,premium,2025-07-16,,onboarding
5,5,premium,2025-08-06,,onboarding
6,5,premium,2025-08-06,2026-11-01,onboarding
7,6,wealth,2024-04-29,,onboarding
8,6,mass,2024-04-29,2025-06-03,income_growth
9,7,mass,2023-07-23,,onboarding
10,7,premium,2023-07-23,2025-09-26,income_growth
11,8,mass,2025-10-04,,onboarding
12,9,mass,2024-10-08,,onboarding
13,10,mass,2025-04-26,,onboarding
14,11,mass,2024-10-24,,onboarding
15,11,premium,2024-10-24,2026-07-17,churn_risk
16,12,mass,2024-12-07,,onboarding
17,12,premium,2024-12-07,2026-08-06,income_growth
18,13,premium,2024-08-03,,onboarding
19,13,premium,2024-08-03,2025-01-13,income_growth
20,14,mass,2024-02-14,,onboarding
21,15,mass,2025-07-22,,onboarding
22,16,premium,2023-12-27,,onboarding
23,16,premium,2023-12-27,2024-02-28,annual_review
24,17,mass,2025-09-07,,onboarding
25,18,mass,2023-04-08,,onboarding
26,19,mass,2023-07-21,,onboarding
27,20,premium,2023-05-14,,onboarding
28,21,premium,2024-12-23,,onboarding
29,22,mass,2024-06-17,,onboarding
30,23,wealth,2024-02-11,,onboarding
31,24,wealth,2025-05-20,,onboarding
32,25,mass,2023-11-30,,onboarding
33,25,mass,2023-11-30,2025-10-26,churn_risk
34,26,premium,2025-10-26,,onboarding
35,27,mass,2024-08-18,,onboarding
36,28,wealth,2025-04-08,,onboarding
37,29,premium,2023-08-24,,onboarding
38,30,premium,2024-11-19,,onboarding
39,31,mass,2023-09-10,,onboarding
40,32,mass,2023-07-12,,onboarding
41,32,premium,2023-07-12,2023-12-01,income_growth
42,33,mass,2024-08-17,,onboarding
43,34,mass,2025-02-20,,onboarding
44,35,wealth,2025-12-16,,onboarding
45,36,mass,2024-11-15,,onboarding
46,36,mass,2024-11-15,2026-06-20,vip_offer
47,37,mass,2024-05-27,,onboarding
48,38,mass,2025-10-19,,onboarding
49,39,premium,2024-01-25,,onboarding
50,40,wealth,2024-09-05,,onboarding
51,40,mass,2024-09-05,2025-09-20,vip_offer
52,41,mass,2024-09-21,,onboarding
53,42,premium,2024-10-08,,onboarding
54,43,premium,2024-10-31,,onboarding
55,44,mass,2023-07-28,,onboarding
56,45,premium,2024-08-10,,onboarding
57,46,wealth,2023-08-11,,onboarding
58,47,mass,2024-10-02,,onboarding
59,47,mass,2024-10-02,2025-05-04,onboarding
60,48,mass,2024-09-14,,onboarding
61,49,premium,2024-12-05,,onboarding
62,50,mass,2024-04-04,,onboarding
63,51,mass,2024-07-05,,onboarding
64,52,premium,2025-04-04,,onboarding
65,53,premium,2024-03-06,,onboarding
66,53,premium,2024-03-06,2025-12-14,income_growth
67,54,premium,2023-05-14,,onboarding
68,54,premium,2023-05-14,2025-05-18,vip_offer
69,55,mass,2025-11-09,,onboarding
70,56,mass,2025-08-18,,onboarding
71,57,premium,2024-09-17,,onboarding
72,57,mass,2024-09-17,2025-02-27,annual_review
73,58,mass,2024-07-31,,onboarding
74,59,wealth,2023-04-29,,onboarding
75,59,mass,2023-04-29,2024-12-22,income_growth
76,60,premium,2024-04-25,,onboarding
77,61,mass,2024-04-16,,onboarding
78,61,premium,2024-04-16,2025-02-09,vip_offer
79,62,mass,2025-07-22,,onboarding
80,62,premium,2025-07-22,2027-02-14,annual_review
81,63,mass,2025-03-15,,onboarding
82,64,mass,2024-08-05,,onboarding
83,65,premium,2025-10-01,,onboarding
84,66,wealth,2025-09-16,,onboarding
85,66,premium,2025-09-16,2027-05-18,onboarding
86,67,mass,2024-10-06,,onboarding
87,68,premium,2024-09-26,,onboarding
88,69,mass,2024-12-14,,onboarding
89,70,premium,2023-06-06,,onboarding
90,70,mass,2023-06-06,2023-11-16,onboarding
91,71,wealth,2025-12-12,,onboarding
92,71,mass,2025-12-12,2027-02-24,vip_offer
93,72,wealth,2025-07-26,,onboarding
94,72,premium,2025-07-26,2025-12-17,income_growth
95,73,mass,2024-02-05,,onboarding
96,73,mass,2024-02-05,2024-08-04,churn_risk
97,74,mass,2025-03-26,,onboarding
98,74,premium,2025-03-26,2025-05-29,income_growth
99,75,mass,2023-10-12,,onboarding
100,76,mass,2025-02-25,,onboarding
101,76,premium,2025-02-25,2025-06-19,onboarding
102,77,wealth,2024-07-12,,onboarding
103,77,mass,2024-07-12,2026-08-26,income_growth
104,78,mass,2025-08-16,,onboarding
105,78,premium,2025-08-16,2027-05-01,annual_review
106,79,mass,2023-09-18,,onboarding
107,80,mass,2023-05-29,,onboarding
108,81,wealth,2024-04-10,,onboarding
109,81,mass,2024-04-10,2025-03-18,onboarding
110,82,premium,2024-12-03,,onboarding
111,83,premium,2024-01-10,,onboarding
112,83,premium,2024-01-10,2024-07-07,income_growth
113,84,premium,2023-08-12,,onboarding
114,84,premium,2023-08-12,2024-01-20,annual_review
115,85,mass,2024-11-18,,onboarding
116,86,premium,2024-07-18,,onboarding
117,87,premium,2025-07-08,,onboarding
118,88,wealth,2024-08-23,,onboarding
119,88,mass,2024-08-23,2026-07-29,churn_risk
120,89,premium,2025-02-07,,onboarding
121,90,wealth,2024-08-08,,onboarding
122,90,premium,2024-08-08,2026-09-07,annual_review
123,91,mass,2024-11-15,,onboarding
124,92,mass,2024-04-23,,onboarding
125,93,mass,2024-01-05,,onboarding
126,94,wealth,2025-07-09,,onboarding
127,94,premium,2025-07-09,2027-06-20,churn_risk
128,95,mass,2024-01-08,,onboarding
129,96,wealth,2024-06-07,,onboarding
130,97,premium,2025-03-11,,onboarding
131,98,wealth,2024-11-02,,onboarding
132,98,mass,2024-11-02,2025-03-20,income_growth
133,99,mass,2024-07-01,,onboarding
134,100,premium,2023-05-25,,onboarding
135,101,premium,2025-07-04,,onboarding
136,102,mass,2025-04-07,,onboarding
137,102,mass,2025-04-07,2025-06-29,churn_risk
138,103,mass,2023-11-26,,onboarding
139,104,premium,2024-05-23,,onboarding
140,105,mass,2023-09-16,,onboarding
141,106,premium,2024-12-11,,onboarding
142,107,premium,2024-09-15,,onboarding
143,108,mass,2025-05-05,,onboarding
144,108,mass,2025-05-05,2026-10-26,annual_review
145,109,mass,2025-10-29,,onboarding
146,110,mass,2023-08-05,,onboarding
147,111,premium,2023-07-20,,onboarding
148,112,mass,2024-11-19,,onboarding
149,113,mass,2023-12-02,,onboarding
150,113,mass,2023-12-02,2025-08-18,annual_review
151,114,premium,2025-07-10,,onboarding
152,114,premium,2025-07-10,2026-02-13,income_growth
153,115,mass,2024-07-31,,onboarding
154,116,mass,2025-04-28,,onboarding
155,117,mass,2024-06-13,,onboarding
156,118,mass,2023-06-24,,onboarding
157,119,mass,2023-10-13,,onboarding
158,120,mass,2024-10-14,,onboarding
159,120,premium,2024-10-14,2025-04-15,annual_review
160,121,premium,2025-09-17,,onboarding
161,121,premium,2025-09-17,2026-07-06,onboarding
162,122,mass,2025-07-10,,onboarding
163,123,premium,2023-09-29,,onboarding
164,124,mass,2025-03-18,,onboarding
165,125,premium,2025-04-16,,onboarding
166,126,mass,2024-02-26,,onboarding
167,126,premium,2024-02-26,2025-11-07,onboarding
168,127,mass,2024-09-12,,onboarding
169,128,premium,2025-02-07,,onboarding
170,129,mass,2024-11-20,,onboarding
171,130,mass,2024-07-08,,onboarding
172,131,mass,2024-07-25,,onboarding
173,132,premium,2023-09-18,,onboarding
174,133,mass,2024-06-16,,onboarding
175,133,premium,2024-06-16,2026-07-01,vip_offer
176,134,premium,2024-10-07,,onboarding
177,134,mass,2024-10-07,2025-07-12,churn_risk
178,135,wealth,2025-03-09,,onboarding
179,136,premium,2025-08-07,,onboarding
180,136,mass,2025-08-07,2026-11-10,annual_review
181,137,premium,2023-08-13,,onboarding
182,137,premium,2023-08-13,2025-06-19,churn_risk
183,138,mass,2023-05-24,,onboarding
184,139,mass,2023-12-18,,onboarding
185,140,mass,2023-12-13,,onboarding
186,140,premium,2023-12-13,2024-03-02,churn_risk
187,141,mass,2023-08-03,,onboarding
188,142,mass,2023-11-26,,onboarding
189,143,premium,2023-11-10,,onboarding
190,144,mass,2025-02-16,,onboarding
191,145,wealth,2025-02-17,,onboarding
192,146,mass,2025-03-27,,onboarding
193,146,premium,2025-03-27,2027-05-09,income_growth
194,147,mass,2025-11-13,,onboarding
195,147,mass,2025-11-13,2026-05-10,churn_risk
196,148,mass,2025-06-30,,onboarding
197,149,mass,2023-10-31,,onboarding
198,150,mass,2024-08-14,,onboarding
199,151,mass,2025-05-02,,onboarding
200,151,mass,2025-05-02,2026-02-08,income_growth
201,152,mass,2023-04-18,,onboarding
202,153,premium,2023-09-13,,onboarding
203,154,mass,2025-12-08,,onboarding
204,155,wealth,2025-03-24,,onboarding
205,156,mass,2024-08-26,,onboarding
206,157,mass,2025-04-02,,onboarding
207,158,wealth,2023-05-05,,onboarding
208,158,mass,2023-05-05,2025-06-22,onboarding
209,159,wealth,2023-06-04,,onboarding
210,160,mass,2025-07-05,,onboarding
211,161,premium,2024-03-16,,onboarding
212,162,mass,2023-10-17,,onboarding
213,162,premium,2023-10-17,2025-05-14,onboarding
214,163,mass,2025-12-10,,onboarding
215,163,mass,2025-12-10,2026-12-13,onboarding
216,164,mass,2025-01-25,,onboarding
217,165,mass,2025-06-02,,onboarding
218,166,mass,2023-08-26,,onboarding
219,167,mass,2024-11-21,,onboarding
220,168,premium,2025-02-06,,onboarding
221,169,mass,2023-05-28,,onboarding
222,169,mass,2023-05-28,2023-11-07,vip_offer
223,170,premium,2025-11-10,,onboarding
224,171,mass,2025-06-21,,onboarding
225,172,mass,2025-11-27,,onboarding
226,173,premium,2025-03-14,,onboarding
227,174,premium,2024-04-17,,onboarding
228,175,premium,2025-02-28,,onboarding
229,176,mass,2023-12-23,,onboarding
230,177,premium,2025-03-05,,onboarding
231,178,mass,2024-09-05,,onboarding
232,179,mass,2023-10-25,,onboarding
233,179,premium,2023-10-25,2024-08-18,vip_offer
234,180,mass,2025-12-26,,onboarding
235,181,mass,2025-02-28,,onboarding
236,181,premium,2025-02-28,2025-05-16,onboarding
237,182,mass,2025-08-26,,onboarding
238,183,premium,2025-06-03,,onboarding
239,183,premium,2025-06-03,2026-10-06,vip_offer
240,184,wealth,2023-09-01,,onboarding
241,185,wealth,2023-06-18,,onboarding
242,185,premium,2023-06-18,2023-12-20,vip_offer
243,186,mass,2025-01-28,,onboarding
244,187,mass,2023-05-10,,onboarding
245,188,mass,2025-04-07,,onboarding
246,189,mass,2025-07-31,,onboarding
247,190,premium,2024-10-02,,onboarding
248,191,premium,2023-05-02,,onboarding
249,191,mass,2023-05-02,2024-10-02,churn_risk
250,192,mass,2025-11-14,,onboarding
251,193,premium,2024-02-25,,onboarding
252,193,mass,2024-02-25,2025-12-22,vip_offer
253,194,premium,2024-08-01,,onboarding
254,195,premium,2024-03-31,,onboarding
255,196,mass,2023-07-16,,onboarding
256,196,premium,2023-07-16,2024-06-05,income_growth
257,197,premium,2023-12-01,,onboarding
258,198,mass,2023-06-11,,onboarding
259,199,wealth,2025-08-19,,onboarding
260,199,premium,2025-08-19,2026-03-31,income_growth
261,200,mass,2023-04-26,,onboarding
262,201,mass,2025-04-28,,onboarding
263,201,premium,2025-04-28,2026-04-22,churn_risk
264,202,premium,2025-02-05,,onboarding
265,203,premium,2024-09-16,,onboarding
266,204,mass,2023-11-17,,onboarding
267,205,mass,2023-04-22,,onboarding
268,205,premium,2023-04-22,2024-10-12,income_growth
269,206,mass,2025-05-28,,onboarding
270,206,mass,2025-05-28,2026-10-22,onboarding
271,207,premium,2025-04-18,,onboarding
272,207,mass,2025-04-18,2025-08-18,annual_review
273,208,mass,2025-07-11,,onboarding
274,209,mass,2025-04-05,,onboarding
275,210,mass,2025-08-15,,onboarding
276,211,premium,2025-05-07,,onboarding
277,212,mass,2024-12-10,,onboarding
278,213,premium,2025-05-28,,onboarding
279,214,mass,2024-03-26,,onboarding
280,215,wealth,2023-09-02,,onboarding
281,216,premium,2023-09-06,,onboarding
282,217,premium,2024-01-16,,onboarding
283,217,premium,2024-01-16,2025-02-04,vip_offer
284,218,mass,2025-06-20,,onboarding
285,219,mass,2023-11-18,,onboarding
286,220,premium,2023-10-18,,onboarding
287,221,mass,2024-01-02,,onboarding
288,222,premium,2025-10-03,,onboarding
289,222,mass,2025-10-03,2026-10-06,annual_review
290,223,wealth,2024-05-21,,onboarding
291,224,mass,2023-04-21,,onboarding
292,225,wealth,2025-10-14,,onboarding
293,226,mass,2023-10-25,,onboarding
294,227,premium,2024-11-18,,onboarding
295,227,mass,2024-11-18,2025-12-23,vip_offer
296,228,mass,2025-01-31,,onboarding
297,229,wealth,2023-09-19,,onboarding
298,230,mass,2024-06-03,,onboarding
299,231,mass,2024-05-19,,onboarding
300,232,wealth,2023-08-14,,onboarding
301,233,mass,2024-02-22,,onboarding
302,233,premium,2024-02-22,2024-06-07,churn_risk
303,234,premium,2024-10-03,,onboarding
304,235,mass,2024-07-12,,onboarding
305,235,mass,2024-07-12,2025-12-10,churn_risk
306,236,premium,2025-02-27,,onboarding
307,237,mass,2025-03-14,,onboarding
308,237,mass,2025-03-14,2027-05-06,income_growth
309,238,mass,2025-08-24,,onboarding
310,239,premium,2024-06-22,,onboarding
311,239,premium,2024-06-22,2025-12-21,churn_risk
312,240,mass,2024-02-02,,onboarding
313,241,premium,2024-11-20,,onboarding
314,242,premium,2024-08-18,,onboarding
315,242,premium,2024-08-18,2026-10-26,annual_review
316,243,wealth,2025-02-02,,onboarding
317,244,wealth,2025-02-05,,onboarding
318,245,wealth,2024-08-20,,onboarding
319,246,mass,2024-06-07,,onboarding
320,247,premium,2024-05-26,,onboarding
321,247,premium,2024-05-26,2026-01-05,annual_review
322,248,mass,2024-06-15,,onboarding
323,249,mass,2023-07-03,,onboarding
324,250,premium,2025-05-06,,onboarding
325,250,mass,2025-05-06,2027-06-15,vip_offer
326,251,mass,2023-10-24,,onboarding
327,252,mass,2025-01-30,,onboarding
328,253,mass,2024-08-04,,onboarding
329,253,premium,2024-08-04,2024-10-29,annual_review
330,254,mass,2024-12-21,,onboarding
331,255,premium,2023-05-04,,onboarding
332,256,mass,2024-12-10,,onboarding
333,256,mass,2024-12-10,2026-09-22,churn_risk
334,257,mass,2025-05-08,,onboarding
335,258,mass,2025-01-01,,onboarding
336,259,wealth,2024-10-29,,onboarding
337,260,wealth,2025-02-08,,onboarding
338,261,mass,2025-06-24,,onboarding
339,262,mass,2025-06-16,,onboarding
340,262,mass,2025-06-16,2026-07-02,income_growth
341,263,premium,2024-04-17,,onboarding
342,264,mass,2024-06-07,,onboarding
343,265,mass,2025-06-29,,onboarding
344,266,wealth,2024-03-21,,onboarding
345,266,premium,2024-03-21,2025-10-14,annual_review
346,267,mass,2025-02-18,,onboarding
347,268,mass,2024-09-22,,onboarding
348,269,wealth,2025-09-10,,onboarding
349,270,premium,2025-03-06,,onboarding
350,270,premium,2025-03-06,2025-07-22,annual_review
351,271,mass,2023-05-26,,onboarding
352,272,mass,2025-01-06,,onboarding
353,272,premium,2025-01-06,2025-08-04,income_growth
354,273,premium,2023-06-06,,onboarding
355,274,mass,2023-10-04,,onboarding
356,275,wealth,2024-12-15,,onboarding
357,276,mass,2023-09-11,,onboarding
358,276,mass,2023-09-11,2024-05-12,onboarding
359,277,mass,2024-03-16,,onboarding
360,278,mass,2025-07-08,,onboarding
361,278,mass,2025-07-08,2027-01-12,onboarding
362,279,wealth,2023-12-31,,onboarding
363,279,mass,2023-12-31,2025-06-18,vip_offer
364,280,wealth,2024-11-24,,onboarding
365,281,premium,2024-06-09,,onboarding
366,282,mass,2024-02-21,,onboarding
367,283,mass,2025-09-29,,onboarding
368,284,premium,2024-05-13,,onboarding
369,284,mass,2024-05-13,2024-09-08,vip_offer
370,285,premium,2024-11-10,,onboarding
371,285,premium,2024-11-10,2025-05-05,vip_offer
372,286,premium,2025-08-12,,onboarding
373,286,premium,2025-08-12,2027-05-24,annual_review
374,287,premium,2023-05-27,,onboarding
375,287,premium,2023-05-27,2024-01-21,onboarding
376,288,wealth,2024-09-03,,onboarding
377,289,wealth,2025-11-24,,onboarding
378,290,mass,2024-04-09,,onboarding
379,290,mass,2024-04-09,2024-12-16,onboarding
380,291,premium,2023-08-26,,onboarding
381,292,premium,2024-12-07,,onboarding
382,293,mass,2025-04-01,,onboarding
383,294,mass,2024-01-29,,onboarding
384,295,mass,2023-06-27,,onboarding
385,296,mass,2023-04-27,,onboarding
386,296,premium,2023-04-27,2023-12-31,churn_risk
387,297,premium,2023-10-27,,onboarding
388,297,mass,2023-10-27,2024-02-26,churn_risk
389,298,premium,2023-04-28,,onboarding
390,299,wealth,2023-04-15,,onboarding
391,300,mass,2024-08-06,,onboarding
392,301,mass,2024-08-17,,onboarding
393,302,mass,2025-10-27,,onboarding
394,303,mass,2024-01-17,,onboarding
395,304,mass,2024-01-22,,onboarding
396,305,premium,2024-04-06,,onboarding
397,305,mass,2024-04-06,2025-09-04,onboarding
398,306,mass,2024-10-11,,onboarding
399,307,premium,2025-05-09,,onboarding
400,308,premium,2023-04-07,,onboarding
401,309,mass,2024-11-04,,onboarding
402,309,mass,2024-11-04,2025-08-04,income_growth
403,310,mass,2023-12-10,,onboarding
404,311,premium,2025-07-18,,onboarding
405,312,mass,2023-11-21,,onboarding
406,312,premium,2023-11-21,2025-02-08,annual_review
407,313,mass,2024-06-04,,onboarding
408,313,mass,2024-06-04,2025-10-28,income_growth
409,314,mass,2025-01-11,,onboarding
410,315,mass,2023-04-24,,onboarding
411,316,mass,2023-07-22,,onboarding
412,317,mass,2023-11-03,,onboarding
413,317,mass,2023-11-03,2025-07-07,income_growth
414,318,mass,2025-06-25,,onboarding
415,319,mass,2024-03-08,,onboarding
416,319,premium,2024-03-08,2025-04-04,vip_offer
417,320,mass,2024-09-30,,onboarding
418,320,premium,2024-09-30,2026-08-21,annual_review
419,321,mass,2023-06-14,,onboarding
420,322,wealth,2025-08-10,,onboarding
421,323,mass,2023-08-31,,onboarding
422,323,mass,2023-08-31,2025-07-10,income_growth
423,324,mass,2025-12-01,,onboarding
424,324,mass,2025-12-01,2027-06-19,income_growth
425,325,wealth,2025-02-06,,onboarding
426,326,mass,2023-07-21,,onboarding
427,326,mass,2023-07-21,2024-10-19,income_growth
428,327,premium,2023-09-01,,onboarding
429,328,mass,2023-07-03,,onboarding
430,328,premium,2023-07-03,2023-10-31,income_growth
431,329,mass,2025-11-17,,onboarding
432,330,premium,2023-05-04,,onboarding
433,331,premium,2024-12-20,,onboarding
434,332,mass,2025-01-29,,onboarding
435,333,mass,2024-11-20,,onboarding
436,334,mass,2025-03-20,,onboarding
437,335,premium,2025-09-20,,onboarding
438,335,premium,2025-09-20,2026-11-18,income_growth
439,336,mass,2024-06-23,,onboarding
440,337,mass,2023-12-29,,onboarding
441,337,premium,2023-12-29,2024-03-21,churn_risk
442,338,mass,2025-08-21,,onboarding
443,339,mass,2024-06-27,,onboarding
444,340,mass,2025-07-13,,onboarding
445,341,mass,2025-10-23,,onboarding
446,342,mass,2024-05-19,,onboarding
447,342,premium,2024-05-19,2025-07-25,churn_risk
448,343,mass,2023-08-19,,onboarding
449,344,mass,2024-03-08,,onboarding
450,344,mass,2024-03-08,2025-11-16,onboarding
451,345,wealth,2024-11-19,,onboarding
452,346,mass,2023-09-27,,onboarding
453,347,premium,2023-12-29,,onboarding
454,348,mass,2025-12-22,,onboarding
455,349,wealth,2023-12-27,,onboarding
456,349,mass,2023-12-27,2024-08-12,income_growth
457,350,mass,2024-11-15,,onboarding
458,351,premium,2023-10-04,,onboarding
459,352,premium,2024-04-07,,onboarding
460,353,mass,2024-10-15,,onboarding
461,354,mass,2023-04-08,,onboarding
462,355,mass,2025-02-24,,onboarding
463,355,mass,2025-02-24,2026-02-05,vip_offer
464,356,mass,2023-05-27,,onboarding
465,357,mass,2025-06-26,,onboarding
466,358,mass,2023-11-24,,onboarding
467,359,mass,2023-08-26,,onboarding
468,359,mass,2023-08-26,2024-10-15,income_growth
469,360,mass,2025-02-03,,onboarding
470,360,mass,2025-02-03,2025-04-10,income_growth
471,361,premium,2023-12-08,,onboarding
472,361,mass,2023-12-08,2024-03-18,income_growth
473,362,premium,2024-07-23,,onboarding
474,363,mass,2024-06-14,,onboarding
475,364,mass,2025-02-12,,onboarding
476,365,mass,2024-02-28,,onboarding
477,366,mass,2023-08-04,,onboarding
478,367,premium,2025-06-07,,onboarding
479,367,mass,2025-06-07,2026-07-17,vip_offer
480,368,mass,2025-05-07,,onboarding
481,369,mass,2024-05-08,,onboarding
482,370,wealth,2024-02-16,,onboarding
483,371,wealth,2025-09-05,,onboarding
484,371,premium,2025-09-05,2027-06-21,annual_review
485,372,mass,2023-04-07,,onboarding
486,373,wealth,2023-09-14,,onboarding
487,374,mass,2023-10-16,,onboarding
488,374,mass,2023-10-16,2025-09-13,income_growth
489,375,mass,2025-10-29,,onboarding
490,376,premium,2024-01-13,,onboarding
491,376,mass,2024-01-13,2025-01-08,income_growth
492,377,mass,2024-07-25,,onboarding
493,378,premium,2024-09-27,,onboarding
494,378,premium,2024-09-27,2025-04-10,onboarding
495,379,premium,2025-09-14,,onboarding
496,380,premium,2023-07-22,,onboarding
497,380,mass,2023-07-22,2024-01-23,income_growth
498,381,wealth,2025-11-27,,onboarding
499,382,wealth,2023-05-16,,onboarding
500,383,premium,2023-11-12,,onboarding
501,384,wealth,2024-06-04,,onboarding
502,384,mass,2024-06-04,2025-10-31,vip_offer
503,385,mass,2025-10-05,,onboarding
504,386,premium,2025-02-19,,onboarding
505,387,premium,2023-05-03,,onboarding
506,388,mass,2023-08-17,,onboarding
507,389,mass,2024-04-27,,onboarding
508,390,mass,2023-07-09,,onboarding
509,391,mass,2024-06-09,,onboarding
510,391,mass,2024-06-09,2025-12-29,churn_risk
511,392,mass,2025-08-25,,onboarding
512,392,premium,2025-08-25,2027-02-06,vip_offer
513,393,wealth,2025-12-23,,onboarding
514,394,mass,2025-06-17,,onboarding
515,394,mass,2025-06-17,2025-08-31,churn_risk
516,395,mass,2023-07-09,,onboarding
517,395,premium,2023-07-09,2025-06-24,onboarding
518,396,premium,2024-03-29,,onboarding
519,397,mass,2024-03-30,,onboarding
520,398,mass,2025-09-23,,onboarding
521,399,premium,2024-04-30,,onboarding
522,400,premium,2024-05-12,,onboarding
523,400,mass,2024-05-12,2025-01-12,churn_risk
524,401,premium,2025-06-20,,onboarding
525,402,mass,2025-04-30,,onboarding
526,403,mass,2025-03-15,,onboarding
527,403,premium,2025-03-15,2026-01-06,churn_risk
528,404,premium,2023-09-24,,onboarding
529,404,premium,2023-09-24,2024-08-29,churn_risk
530,405,mass,2023-08-09,,onboarding
531,406,mass,2024-08-07,,onboarding
532,407,mass,2024-05-24,,onboarding
533,408,mass,2024-10-04,,onboarding
534,409,wealth,2025-06-18,,onboarding
535,409,mass,2025-06-18,2026-01-09,onboarding
536,410,mass,2025-05-12,,onboarding
537,411,premium,2025-02-21,,onboarding
538,412,mass,2024-12-05,,onboarding
539,413,wealth,2025-05-06,,onboarding
540,414,mass,2023-09-15,,onboarding
541,414,mass,2023-09-15,2025-09-19,annual_review
542,415,premium,2023-12-07,,onboarding
543,416,premium,2024-01-15,,onboarding
544,417,premium,2024-11-06,,onboarding
545,417,mass,2024-11-06,2025-07-19,income_growth
546,418,mass,2024-09-14,,onboarding
547,419,mass,2025-05-23,,onboarding
548,419,mass,2025-05-23,2026-06-26,vip_offer
549,420,premium,2025-09-28,,onboarding
550,420,mass,2025-09-28,2026-08-31,income_growth
551,421,mass,2023-05-19,,onboarding
552,422,mass,2025-09-17,,onboarding
553,422,mass,2025-09-17,2026-09-18,income_growth
554,423,mass,2024-12-04,,onboarding
555,424,premium,2025-05-01,,onboarding
556,424,premium,2025-05-01,2026-11-08,annual_review
557,425,premium,2023-10-02,,onboarding
558,426,mass,2024-10-20,,onboarding
559,426,premium,2024-10-20,2026-08-30,income_growth
560,427,mass,2023-11-13,,onboarding
561,428,mass,2023-12-29,,onboarding
562,429,premium,2025-06-15,,onboarding
563,430,mass,2025-04-07,,onboarding
564,430,mass,2025-04-07,2026-11-01,annual_review
565,431,mass,2024-08-05,,onboarding
566,431,premium,2024-08-05,2026-07-09,vip_offer
567,432,premium,2025-09-22,,onboarding
568,433,premium,2025-04-09,,onboarding
569,434,mass,2025-05-28,,onboarding
570,434,mass,2025-05-28,2025-08-03,vip_offer
571,435,premium,2023-07-20,,onboarding
572,436,premium,2025-12-27,,onboarding
573,437,mass,2024-01-01,,onboarding
574,437,premium,2024-01-01,2025-12-10,churn_risk
575,438,mass,2023-11-20,,onboarding
576,439,mass,2023-05-21,,onboarding
577,439,mass,2023-05-21,2024-03-16,income_growth
578,440,premium,2023-11-29,,onboarding
579,441,premium,2025-09-12,,onboarding
580,442,premium,2023-08-15,,onboarding
581,443,wealth,2025-12-08,,onboarding
582,443,mass,2025-12-08,2026-07-25,vip_offer
583,444,premium,2024-02-29,,onboarding
584,445,wealth,2024-12-31,,onboarding
585,446,mass,2025-03-24,,onboarding
586,446,premium,2025-03-24,2026-02-28,onboarding
587,447,wealth,2025-02-28,,onboarding
588,448,mass,2025-06-28,,onboarding
589,449,mass,2025-02-26,,onboarding
590,450,mass,2023-04-25,,onboarding
591,451,premium,2024-03-22,,onboarding
592,452,wealth,2025-01-27,,onboarding
593,453,mass,2024-01-13,,onboarding
594,454,mass,2024-02-26,,onboarding
595,455,premium,2025-02-21,,onboarding
596,456,mass,2024-08-26,,onboarding
597,457,mass,2024-02-09,,onboarding
598,458,mass,2025-05-26,,onboarding
599,459,mass,2023-07-03,,onboarding
600,459,mass,2023-07-03,2023-09-19,annual_review
601,460,mass,2025-09-10,,onboarding
602,460,premium,2025-09-10,2026-03-17,annual_review
603,461,premium,2024-10-25,,onboarding
604,462,premium,2025-11-07,,onboarding
605,463,mass,2024-01-07,,onboarding
606,464,mass,2024-01-14,,onboarding
607,465,mass,2023-06-14,,onboarding
608,466,premium,2025-05-29,,onboarding
609,467,premium,2024-07-02,,onboarding
610,468,mass,2024-04-26,,onboarding
611,469,mass,2025-06-25,,onboarding
612,470,premium,2023-05-11,,onboarding
613,471,wealth,2025-02-01,,onboarding
614,471,premium,2025-02-01,2025-04-10,onboarding
615,472,premium,2023-09-16,,onboarding
616,473,mass,2024-03-07,,onboarding
617,474,mass,2025-09-09,,onboarding
618,475,mass,2023-09-17,,onboarding
619,476,mass,2025-01-03,,onboarding
620,477,wealth,2024-10-18,,onboarding
621,478,premium,2025-02-06,,onboarding
622,479,mass,2025-08-11,,onboarding
623,480,premium,2024-12-24,,onboarding
624,481,wealth,2024-12-09,,onboarding
625,481,premium,2024-12-09,2025-08-10,onboarding
626,482,premium,2023-11-25,,onboarding
627,482,mass,2023-11-25,2024-07-08,income_growth
628,483,mass,2024-01-04,,onboarding
629,484,premium,2023-09-05,,onboarding
630,484,mass,2023-09-05,2025-07-04,onboarding
631,485,premium,2025-04-28,,onboarding
632,486,wealth,2024-11-08,,onboarding
633,487,mass,2023-11-04,,onboarding
634,488,premium,2023-04-24,,onboarding
635,489,mass,2025-10-19,,onboarding
636,490,mass,2024-12-13,,onboarding
637,491,mass,2023-07-19,,onboarding
638,491,premium,2023-07-19,2023-09-17,vip_offer
639,492,wealth,2025-09-04,,onboarding
640,493,mass,2025-04-16,,onboarding
641,494,mass,2024-08-31,,onboarding
642,495,wealth,2023-07-29,,onboarding
643,495,premium,2023-07-29,2024-12-10,income_growth
644,496,mass,2025-05-23,,onboarding
645,496,premium,2025-05-23,2026-05-09,onboarding
646,497,mass,2025-09-05,,onboarding
647,497,mass,2025-09-05,2027-07-26,onboarding
648,498,wealth,2025-09-15,,onboarding
649,498,mass,2025-09-15,2027-06-25,income_growth
650,499,mass,2025-12-23,,onboarding
651,499,mass,2025-12-23,2027-08-26,annual_review
652,500,mass,2025-04-27,,onboarding
653,500,mass,2025-04-27,2026-04-27,churn_risk
654,501,mass,2023-08-20,,onboarding
655,501,mass,2023-08-20,2024-11-13,onboarding
656,502,mass,2025-06-22,,onboarding
657,503,wealth,2025-08-07,,onboarding
658,504,premium,2025-12-20,,onboarding
659,504,mass,2025-12-20,2027-06-05,churn_risk
660,505,premium,2025-05-23,,onboarding
661,506,mass,2025-07-06,,onboarding
662,507,wealth,2025-06-09,,onboarding
663,507,mass,2025-06-09,2027-07-10,churn_risk
664,508,premium,2024-12-29,,onboarding
665,509,mass,2023-12-28,,onboarding
666,509,premium,2023-12-28,2024-07-07,churn_risk
667,510,wealth,2025-05-02,,onboarding
668,510,premium,2025-05-02,2025-07-11,onboarding
669,511,mass,2025-03-24,,onboarding
670,512,mass,2025-02-03,,onboarding
671,512,mass,2025-02-03,2025-10-25,vip_offer
672,513,mass,2025-03-29,,onboarding
673,514,mass,2025-05-13,,onboarding
674,515,mass,2023-09-19,,onboarding
675,516,mass,2025-07-15,,onboarding
676,516,mass,2025-07-15,2027-08-03,onboarding
677,517,premium,2024-11-19,,onboarding
678,517,mass,2024-11-19,2026-03-14,onboarding
679,518,mass,2025-09-04,,onboarding
680,518,premium,2025-09-04,2026-08-19,onboarding
681,519,mass,2023-12-10,,onboarding
682,520,wealth,2023-07-12,,onboarding
683,520,mass,2023-07-12,2025-09-11,onboarding
684,521,mass,2025-09-19,,onboarding
685,522,mass,2025-08-01,,onboarding
686,522,premium,2025-08-01,2026-01-27,income_growth
687,523,mass,2023-06-12,,onboarding
688,524,premium,2024-09-09,,onboarding
689,525,wealth,2025-08-11,,onboarding
690,526,mass,2024-10-24,,onboarding
691,527,wealth,2024-06-20,,onboarding
692,528,mass,2024-04-10,,onboarding
693,529,mass,2025-01-23,,onboarding
694,530,wealth,2023-09-28,,onboarding
695,531,premium,2023-09-11,,onboarding
696,532,mass,2024-11-25,,onboarding
697,533,mass,2025-12-21,,onboarding
698,534,mass,2024-12-10,,onboarding
699,535,wealth,2023-05-19,,onboarding
700,535,mass,2023-05-19,2024-04-27,churn_risk
701,536,wealth,2023-11-10,,onboarding
702,537,premium,2024-05-13,,onboarding
703,538,wealth,2024-12-30,,onboarding
704,539,mass,2024-01-10,,onboarding
705,539,premium,2024-01-10,2024-03-30,onboarding
706,540,mass,2025-06-08,,onboarding
707,541,premium,2023-07-06,,onboarding
708,542,premium,2024-06-13,,onboarding
709,543,mass,2023-11-26,,onboarding
710,543,premium,2023-11-26,2026-01-08,income_growth
711,544,mass,2025-10-13,,onboarding
712,544,mass,2025-10-13,2026-10-01,annual_review
713,545,mass,2024-01-08,,onboarding
714,545,premium,2024-01-08,2024-12-06,vip_offer
715,546,premium,2025-03-21,,onboarding
716,546,premium,2025-03-21,2025-11-08,income_growth
717,547,mass,2023-06-13,,onboarding
718,547,premium,2023-06-13,2024-07-20,income_growth
719,548,mass,2023-08-04,,onboarding
720,549,mass,2025-11-21,,onboarding
721,550,mass,2024-11-07,,onboarding
722,550,mass,2024-11-07,2025-06-24,vip_offer
723,551,mass,2024-01-30,,onboarding
724,552,premium,2024-07-25,,onboarding
725,553,wealth,2025-11-15,,onboarding
726,554,mass,2023-04-24,,onboarding
727,554,mass,2023-04-24,2024-08-24,annual_review
728,555,wealth,2025-05-08,,onboarding
729,556,mass,2023-10-27,,onboarding
730,556,premium,2023-10-27,2024-06-20,income_growth
731,557,premium,2023-11-08,,onboarding
732,558,wealth,2023-06-26,,onboarding
733,559,wealth,2023-06-27,,onboarding
734,559,mass,2023-06-27,2023-08-29,annual_review
735,560,mass,2024-12-02,,onboarding
736,561,mass,2024-04-19,,onboarding
737,562,premium,2023-12-12,,onboarding
738,563,premium,2025-01-30,,onboarding
739,564,mass,2025-08-12,,onboarding
740,565,premium,2024-01-03,,onboarding
741,566,wealth,2025-03-03,,onboarding
742,566,premium,2025-03-03,2026-02-11,income_growth
743,567,mass,2024-01-27,,onboarding
744,568,wealth,2024-09-28,,onboarding
745,569,wealth,2024-02-29,,onboarding
746,569,mass,2024-02-29,2025-12-15,income_growth
747,570,premium,2023-10-12,,onboarding
748,571,premium,2025-12-10,,onboarding
749,571,premium,2025-12-10,2026-03-31,vip_offer
750,572,mass,2025-03-07,,onboarding
751,573,wealth,2024-09-29,,onboarding
752,574,premium,2025-04-16,,onboarding
753,575,mass,2023-06-01,,onboarding
754,575,mass,2023-06-01,2024-11-08,annual_review
755,576,mass,2025-09-01,,onboarding
756,577,mass,2025-07-15,,onboarding
757,578,mass,2025-01-11,,onboarding
758,578,premium,2025-01-11,2025-05-03,churn_risk
759,579,mass,2025-08-23,,onboarding
760,580,mass,2023-07-19,,onboarding
761,580,premium,2023-07-19,2025-07-15,vip_offer
762,581,mass,2023-04-27,,onboarding
763,582,mass,2024-12-04,,onboarding
764,582,premium,2024-12-04,2026-05-26,income_growth
765,583,wealth,2025-03-25,,onboarding
766,584,premium,2023-08-29,,onboarding
767,585,mass,2024-10-30,,onboarding
768,585,mass,2024-10-30,2026-01-09,vip_offer
769,586,mass,2025-01-15,,onboarding
770,587,premium,2023-08-26,,onboarding
771,587,premium,2023-08-26,2025-04-06,annual_review
772,588,mass,2024-08-16,,onboarding
773,589,wealth,2025-09-29,,onboarding
774,590,premium,2024-08-31,,onboarding
775,590,premium,2024-08-31,2026-10-12,income_growth
776,591,premium,2024-08-23,,onboarding
777,592,mass,2025-08-19,,onboarding
778,592,premium,2025-08-19,2026-09-25,onboarding
779,593,mass,2025-07-26,,onboarding
780,594,wealth,2023-10-31,,onboarding
781,595,mass,2023-06-08,,onboarding
782,596,mass,2024-09-10,,onboarding
783,597,mass,2024-04-21,,onboarding
784,597,mass,2024-04-21,2025-06-27,churn_risk
785,598,mass,2024-10-11,,onboarding
786,599,mass,2024-04-29,,onboarding
787,600,wealth,2024-12-14,,onboarding
788,601,mass,2024-05-25,,onboarding
789,601,mass,2024-05-25,2025-10-21,vip_offer
790,602,premium,2025-12-25,,onboarding
791,603,premium,2024-06-24,,onboarding
792,604,mass,2025-10-06,,onboarding
793,604,mass,2025-10-06,2027-01-14,churn_risk
794,605,mass,2024-12-08,,onboarding
795,606,premium,2024-02-19,,onboarding
796,607,premium,2024-12-03,,onboarding
797,607,premium,2024-12-03,2026-05-29,onboarding
798,608,premium,2023-12-01,,onboarding
799,609,mass,2024-01-30,,onboarding
800,609,mass,2024-01-30,2025-06-03,churn_risk
801,610,premium,2023-04-25,,onboarding
802,611,premium,2023-10-16,,onboarding
803,612,premium,2023-11-16,,onboarding
804,613,mass,2023-12-31,,onboarding
805,613,mass,2023-12-31,2025-11-19,onboarding
806,614,mass,2023-04-10,,onboarding
807,615,mass,2024-04-16,,onboarding
808,616,premium,2024-06-12,,onboarding
809,617,mass,2025-09-28,,onboarding
810,618,mass,2025-10-06,,onboarding
811,618,premium,2025-10-06,2027-10-28,annual_review
812,619,mass,2024-08-13,,onboarding
813,620,mass,2025-07-16,,onboarding
814,620,premium,2025-07-16,2026-04-12,annual_review
815,621,wealth,2024-05-25,,onboarding
816,622,wealth,2025-02-20,,onboarding
817,623,mass,2024-02-22,,onboarding
818,624,wealth,2024-01-26,,onboarding
819,625,premium,2024-05-22,,onboarding
820,626,mass,2024-09-07,,onboarding
821,627,premium,2023-04-23,,onboarding
822,628,premium,2023-11-06,,onboarding
823,629,wealth,2025-12-11,,onboarding
824,630,mass,2025-06-28,,onboarding
825,631,mass,2023-08-29,,onboarding
826,632,mass,2023-05-12,,onboarding
827,633,mass,2023-05-07,,onboarding
828,634,mass,2023-11-11,,onboarding
829,634,premium,2023-11-11,2025-08-16,income_growth
830,635,mass,2024-11-12,,onboarding
831,635,mass,2024-11-12,2026-12-23,churn_risk
832,636,premium,2025-09-27,,onboarding
833,636,premium,2025-09-27,2027-11-12,onboarding
834,637,mass,2024-08-28,,onboarding
835,638,mass,2023-11-13,,onboarding
836,639,mass,2024-08-22,,onboarding
837,640,mass,2024-02-20,,onboarding
838,640,premium,2024-02-20,2024-11-16,income_growth
839,641,mass,2023-04-16,,onboarding
840,642,premium,2024-12-12,,onboarding
841,643,wealth,2025-02-04,,onboarding
842,644,premium,2024-11-25,,onboarding
843,644,mass,2024-11-25,2026-05-24,income_growth
844,645,premium,2023-11-01,,onboarding
845,646,premium,2023-07-17,,onboarding
846,647,wealth,2023-08-21,,onboarding
847,647,mass,2023-08-21,2025-09-08,annual_review
848,648,mass,2024-04-18,,onboarding
849,649,wealth,2024-05-22,,onboarding
850,650,wealth,2023-04-09,,onboarding
851,651,wealth,2024-04-08,,onboarding
852,652,wealth,2023-04-23,,onboarding
853,653,mass,2024-07-03,,onboarding
854,654,mass,2025-04-23,,onboarding
855,655,premium,2023-09-30,,onboarding
856,655,mass,2023-09-30,2025-03-17,onboarding
857,656,mass,2023-12-24,,onboarding
858,657,mass,2025-10-26,,onboarding
859,658,wealth,2025-08-05,,onboarding
860,658,premium,2025-08-05,2026-08-15,annual_review
861,659,mass,2023-12-15,,onboarding
862,659,premium,2023-12-15,2025-10-06,vip_offer
863,660,mass,2025-06-08,,onboarding
864,660,mass,2025-06-08,2027-08-12,annual_review
865,661,wealth,2023-08-04,,onboarding
866,662,wealth,2023-05-18,,onboarding
867,663,wealth,2023-05-09,,onboarding
868,663,mass,2023-05-09,2025-05-28,income_growth
869,664,mass,2023-06-11,,onboarding
870,665,mass,2025-02-20,,onboarding
871,666,mass,2023-04-18,,onboarding
872,667,mass,2025-11-14,,onboarding
873,668,premium,2023-07-11,,onboarding
874,668,premium,2023-07-11,2024-09-10,annual_review
875,669,premium,2025-11-18,,onboarding
876,670,mass,2025-09-10,,onboarding
877,671,premium,2023-12-05,,onboarding
878,671,premium,2023-12-05,2025-10-08,income_growth
879,672,mass,2025-07-27,,onboarding
880,672,premium,2025-07-27,2027-03-30,churn_risk
881,673,mass,2024-04-06,,onboarding
882,673,premium,2024-04-06,2025-02-24,annual_review
883,674,mass,2023-05-16,,onboarding
884,675,mass,2023-04-19,,onboarding
885,676,premium,2024-10-02,,onboarding
886,676,premium,2024-10-02,2026-10-06,income_growth
887,677,premium,2025-08-08,,onboarding
888,678,premium,2025-03-26,,onboarding
889,679,mass,2025-12-09,,onboarding
890,680,mass,2025-02-23,,onboarding
891,681,mass,2025-08-14,,onboarding
892,682,mass,2024-03-31,,onboarding
893,682,mass,2024-03-31,2025-07-28,churn_risk
894,683,mass,2025-06-17,,onboarding
895,684,mass,2023-07-22,,onboarding
896,685,wealth,2024-08-17,,onboarding
897,686,premium,2023-07-30,,onboarding
898,687,mass,2023-12-26,,onboarding
899,688,premium,2025-10-10,,onboarding
900,689,mass,2024-10-20,,onboarding
901,690,mass,2025-02-07,,onboarding
902,691,wealth,2024-01-23,,onboarding
903,692,mass,2024-12-21,,onboarding
904,693,mass,2024-10-13,,onboarding
905,694,wealth,2024-04-13,,onboarding
906,695,wealth,2024-05-18,,onboarding
907,695,premium,2024-05-18,2026-05-14,vip_offer
908,696,mass,2025-10-08,,onboarding
909,697,mass,2024-06-03,,onboarding
910,698,mass,2024-01-13,,onboarding
911,699,mass,2024-01-07,,onboarding
912,699,mass,2024-01-07,2025-02-06,onboarding
913,700,mass,2024-03-11,,onboarding
914,700,premium,2024-03-11,2024-06-26,onboarding
915,701,mass,2023-11-23,,onboarding
916,702,mass,2024-08-27,,onboarding
917,703,mass,2025-05-31,,onboarding
918,704,wealth,2025-01-22,,onboarding
919,705,mass,2023-08-31,,onboarding
920,705,premium,2023-08-31,2023-12-18,income_growth
921,706,mass,2024-09-18,,onboarding
922,706,mass,2024-09-18,2026-05-01,onboarding
923,707,premium,2025-09-22,,onboarding
924,708,mass,2023-07-13,,onboarding
925,709,wealth,2024-11-03,,onboarding
926,710,premium,2023-10-12,,onboarding
927,711,mass,2025-01-09,,onboarding
928,712,mass,2024-04-26,,onboarding
929,712,premium,2024-04-26,2025-04-27,annual_review
930,713,premium,2023-12-04,,onboarding
931,714,mass,2023-08-29,,onboarding
932,715,premium,2025-08-29,,onboarding
933,716,mass,2024-02-04,,onboarding
934,716,mass,2024-02-04,2025-09-14,annual_review
935,717,mass,2024-08-31,,onboarding
936,718,wealth,2024-05-02,,onboarding
937,719,mass,2024-04-24,,onboarding
938,720,premium,2025-09-18,,onboarding
939,720,premium,2025-09-18,2027-08-25,vip_offer
940,721,mass,2025-10-25,,onboarding
941,721,premium,2025-10-25,2027-06-29,onboarding
942,722,mass,2024-05-13,,onboarding
943,723,mass,2024-02-20,,onboarding
944,724,premium,2023-08-24,,onboarding
945,724,premium,2023-08-24,2024-02-12,income_growth
946,725,wealth,2025-04-27,,onboarding
947,726,premium,2023-06-03,,onboarding
948,727,mass,2025-04-17,,onboarding
949,727,mass,2025-04-17,2026-12-11,income_growth
950,728,mass,2023-11-05,,onboarding
951,729,wealth,2025-06-26,,onboarding
952,729,mass,2025-06-26,2026-12-05,onboarding
953,730,wealth,2023-05-18,,onboarding
954,731,premium,2024-06-17,,onboarding
955,732,mass,2023-08-23,,onboarding
956,733,mass,2025-04-27,,onboarding
957,734,wealth,2025-12-07,,onboarding
958,735,mass,2025-02-12,,onboarding
959,736,mass,2023-12-20,,onboarding
960,736,mass,2023-12-20,2025-01-16,annual_review
961,737,premium,2024-01-06,,onboarding
962,738,premium,2025-03-10,,onboarding
963,739,mass,2025-01-31,,onboarding
964,740,wealth,2025-07-18,,onboarding
965,741,mass,2023-11-22,,onboarding
966,742,mass,2024-10-11,,onboarding
967,743,mass,2025-04-23,,onboarding
968,744,mass,2023-05-31,,onboarding
969,744,mass,2023-05-31,2023-08-10,vip_offer
970,745,mass,2023-07-10,,onboarding
971,746,mass,2025-09-26,,onboarding
972,747,premium,2023-10-17,,onboarding
973,747,mass,2023-10-17,2025-10-19,vip_offer
974,748,mass,2024-02-16,,onboarding
975,748,mass,2024-02-16,2025-12-06,onboarding
976,749,wealth,2024-06-10,,onboarding
977,750,mass,2024-11-10,,onboarding
978,750,mass,2024-11-10,2026-04-23,vip_offer
979,751,mass,2024-05-02,,onboarding
980,751,mass,2024-05-02,2026-01-16,vip_offer
981,752,mass,2024-02-17,,onboarding
982,753,premium,2023-09-01,,onboarding
983,754,premium,2024-10-28,,onboarding
984,755,mass,2024-10-11,,onboarding
985,756,mass,2023-10-20,,onboarding
986,756,premium,2023-10-20,2025-10-13,churn_risk
987,757,mass,2025-04-29,,onboarding
988,757,premium,2025-04-29,2026-03-03,churn_risk
989,758,mass,2024-07-05,,onboarding
990,759,premium,2024-09-01,,onboarding
991,760,mass,2023-05-01,,onboarding
992,761,premium,2023-10-24,,onboarding
993,762,wealth,2024-10-31,,onboarding
994,763,mass,2023-04-17,,onboarding
995,763,premium,2023-04-17,2024-03-03,annual_review
996,764,mass,2025-10-27,,onboarding
997,765,mass,2023-10-30,,onboarding
998,766,premium,2024-03-06,,onboarding
999,767,mass,2025-04-23,,onboarding
1000,768,wealth,2024-11-09,,onboarding
1001,769,mass,2025-03-22,,onboarding
1002,769,mass,2025-03-22,2026-01-24,churn_risk
1003,770,mass,2025-03-30,,onboarding
1004,771,mass,2024-03-25,,onboarding
1005,771,mass,2024-03-25,2024-09-22,vip_offer
1006,772,mass,2024-04-12,,onboarding
1007,773,mass,2024-01-23,,onboarding
1008,774,mass,2023-09-03,,onboarding
1009,775,mass,2023-07-24,,onboarding
1010,775,premium,2023-07-24,2024-07-01,churn_risk
1011,776,wealth,2023-11-04,,onboarding
1012,777,mass,2024-12-02,,onboarding
1013,778,mass,2024-03-28,,onboarding
1014,779,mass,2025-09-23,,onboarding
1015,779,mass,2025-09-23,2026-12-17,churn_risk
1016,780,mass,2024-11-03,,onboarding
1017,781,mass,2024-04-13,,onboarding
1018,782,mass,2023-05-28,,onboarding
1019,783,mass,2025-03-03,,onboarding
1020,784,premium,2025-11-25,,onboarding
1021,784,mass,2025-11-25,2026-06-05,vip_offer
1022,785,mass,2023-09-04,,onboarding
1023,786,mass,2023-10-07,,onboarding
1024,787,premium,2025-04-27,,onboarding
1025,788,mass,2023-12-23,,onboarding
1026,789,wealth,2025-10-07,,onboarding
1027,790,mass,2025-10-04,,onboarding
1028,791,premium,2025-12-28,,onboarding
1029,791,mass,2025-12-28,2026-11-15,income_growth
1030,792,mass,2023-09-11,,onboarding
1031,793,mass,2025-03-31,,onboarding
1032,794,wealth,2024-07-07,,onboarding
1033,794,premium,2024-07-07,2026-04-05,annual_review
1034,795,mass,2023-12-22,,onboarding
1035,795,premium,2023-12-22,2025-04-21,churn_risk
1036,796,premium,2025-01-16,,onboarding
1037,796,premium,2025-01-16,2026-10-20,annual_review
1038,797,mass,2024-06-09,,onboarding
1039,798,mass,2025-06-15,,onboarding
1040,798,premium,2025-06-15,2026-09-04,annual_review
1041,799,premium,2024-08-13,,onboarding
1042,800,premium,2025-12-20,,onboarding
1043,801,mass,2023-04-22,,onboarding
1044,802,mass,2025-05-08,,onboarding
1045,803,premium,2024-01-18,,onboarding
1046,803,mass,2024-01-18,2024-10-24,vip_offer
1047,804,mass,2024-10-20,,onboarding
1048,805,mass,2023-06-25,,onboarding
1049,806,mass,2023-10-10,,onboarding
1050,807,premium,2024-04-19,,onboarding
1051,808,mass,2023-07-24,,onboarding
1052,809,premium,2025-03-04,,onboarding
1053,810,premium,2024-04-02,,onboarding
1054,811,mass,2024-03-05,,onboarding
1055,811,premium,2024-03-05,2024-05-16,vip_offer
1056,812,wealth,2024-11-10,,onboarding
1057,812,premium,2024-11-10,2026-06-30,income_growth
1058,813,wealth,2024-05-24,,onboarding
1059,813,premium,2024-05-24,2026-04-06,income_growth
1060,814,mass,2024-02-16,,onboarding
1061,814,mass,2024-02-16,2025-12-24,annual_review
1062,815,mass,2024-04-13,,onboarding
1063,816,mass,2025-12-13,,onboarding
1064,817,mass,2023-11-04,,onboarding
1065,818,mass,2025-12-20,,onboarding
1066,818,mass,2025-12-20,2027-04-06,onboarding
1067,819,mass,2025-10-15,,onboarding
1068,819,mass,2025-10-15,2026-10-06,vip_offer
1069,820,wealth,2023-09-01,,onboarding
1070,820,premium,2023-09-01,2024-12-12,income_growth
1071,821,premium,2025-04-07,,onboarding
1072,822,mass,2025-12-01,,onboarding
1073,823,mass,2023-08-03,,onboarding
1074,824,mass,2024-11-11,,onboarding
1075,825,mass,2023-10-20,,onboarding
1076,826,mass,2023-07-11,,onboarding
1077,827,mass,2024-11-26,,onboarding
1078,827,mass,2024-11-26,2025-11-12,annual_review
1079,828,mass,2024-07-31,,onboarding
1080,828,premium,2024-07-31,2025-01-28,onboarding
1081,829,mass,2024-02-20,,onboarding
1082,829,premium,2024-02-20,2025-03-15,income_growth
1083,830,mass,2025-08-09,,onboarding
1084,831,premium,2025-10-10,,onboarding
1085,832,mass,2025-09-17,,onboarding
1086,833,wealth,2024-03-27,,onboarding
1087,833,premium,2024-03-27,2026-03-16,vip_offer
1088,834,wealth,2025-02-19,,onboarding
1089,835,premium,2023-04-23,,onboarding
1090,836,premium,2023-11-16,,onboarding
1091,836,mass,2023-11-16,2024-11-13,onboarding
1092,837,mass,2024-06-27,,onboarding
1093,838,mass,2023-04-25,,onboarding
1094,839,premium,2023-10-04,,onboarding
1095,840,mass,2025-08-05,,onboarding
1096,840,mass,2025-08-05,2026-05-31,vip_offer
1097,841,mass,2023-09-28,,onboarding
1098,842,premium,2025-07-20,,onboarding
1099,842,premium,2025-07-20,2026-11-28,churn_risk
1100,843,mass,2024-12-07,,onboarding
1101,844,premium,2025-10-27,,onboarding
1102,845,premium,2023-12-11,,onboarding
1103,846,mass,2025-08-27,,onboarding
1104,846,premium,2025-08-27,2026-03-03,annual_review
1105,847,mass,2025-12-28,,onboarding
1106,848,premium,2023-09-21,,onboarding
1107,849,mass,2025-01-07,,onboarding
1108,850,wealth,2024-03-10,,onboarding
1109,851,mass,2024-02-20,,onboarding
1110,852,mass,2023-12-12,,onboarding
1111,853,mass,2024-09-29,,onboarding
1112,854,mass,2023-10-27,,onboarding
1113,855,wealth,2023-08-23,,onboarding
1114,855,mass,2023-08-23,2024-01-17,churn_risk
1115,856,mass,2025-05-10,,onboarding
1116,857,premium,2024-12-25,,onboarding
1117,857,mass,2024-12-25,2026-05-28,annual_review
1118,858,mass,2025-04-07,,onboarding
1119,859,wealth,2024-12-16,,onboarding
1120,859,premium,2024-12-16,2026-09-22,vip_offer
1121,860,mass,2025-06-01,,onboarding
1122,861,mass,2023-07-25,,onboarding
1123,861,premium,2023-07-25,2023-09-29,vip_offer
1124,862,premium,2025-07-04,,onboarding
1125,862,premium,2025-07-04,2027-01-17,vip_offer
1126,863,mass,2023-05-31,,onboarding
1127,863,mass,2023-05-31,2024-06-19,income_growth
1128,864,premium,2023-11-18,,onboarding
1129,865,premium,2024-02-16,,onboarding
1130,866,wealth,2024-05-05,,onboarding
1131,867,mass,2025-05-29,,onboarding
1132,868,mass,2024-07-21,,onboarding
1133,869,mass,2023-06-22,,onboarding
1134,869,mass,2023-06-22,2025-01-10,churn_risk
1135,870,mass,2023-11-15,,onboarding
1136,871,premium,2023-09-04,,onboarding
1137,872,mass,2024-05-17,,onboarding
1138,872,premium,2024-05-17,2024-09-17,income_growth
1139,873,mass,2025-01-23,,onboarding
1140,874,premium,2023-05-17,,onboarding
1141,875,mass,2025-04-02,,onboarding
1142,876,mass,2024-05-09,,onboarding
1143,876,mass,2024-05-09,2024-12-05,vip_offer
1144,877,wealth,2024-11-15,,onboarding
1145,878,mass,2023-08-18,,onboarding
1146,879,mass,2025-03-27,,onboarding
1147,880,mass,2025-02-14,,onboarding
1148,881,mass,2025-01-05,,onboarding
1149,882,mass,2024-12-07,,onboarding
1150,883,mass,2025-11-09,,onboarding
1151,883,premium,2025-11-09,2026-02-18,income_growth
1152,884,mass,2024-10-21,,onboarding
1153,884,mass,2024-10-21,2025-10-16,vip_offer
1154,885,mass,2025-07-19,,onboarding
1155,885,premium,2025-07-19,2026-07-07,annual_review
1156,886,wealth,2024-12-14,,onboarding
1157,887,mass,2024-10-02,,onboarding
1158,888,mass,2023-07-27,,onboarding
1159,889,premium,2025-04-14,,onboarding
1160,889,premium,2025-04-14,2025-10-22,income_growth
1161,890,mass,2023-06-22,,onboarding
1162,891,mass,2023-04-20,,onboarding
1163,891,mass,2023-04-20,2025-05-27,churn_risk
1164,892,wealth,2024-07-21,,onboarding
1165,893,wealth,2024-08-31,,onboarding
1166,893,mass,2024-08-31,2026-02-24,onboarding
1167,894,premium,2023-09-29,,onboarding
1168,895,wealth,2025-05-06,,onboarding
1169,896,mass,2024-03-09,,onboarding
1170,897,mass,2023-07-04,,onboarding
1171,898,mass,2024-12-03,,onboarding
1172,898,mass,2024-12-03,2026-12-06,income_growth
1173,899,mass,2023-07-27,,onboarding
1174,900,mass,2023-06-20,,onboarding
1175,901,premium,2025-09-19,,onboarding
1176,901,premium,2025-09-19,2026-12-15,income_growth
1177,902,mass,2024-11-28,,onboarding
1178,903,mass,2023-08-19,,onboarding
1179,903,mass,2023-08-19,2025-05-11,vip_offer
1180,904,wealth,2023-11-12,,onboarding
1181,905,mass,2025-03-18,,onboarding
1182,906,premium,2024-02-02,,onboarding
1183,907,premium,2024-11-06,,onboarding
1184,907,mass,2024-11-06,2025-11-29,churn_risk
1185,908,mass,2024-01-25,,onboarding
1186,908,premium,2024-01-25,2026-02-08,vip_offer
1187,909,mass,2024-04-14,,onboarding
1188,909,mass,2024-04-14,2025-07-25,onboarding
1189,910,wealth,2025-10-19,,onboarding
1190,911,wealth,2024-11-02,,onboarding
1191,912,mass,2025-05-26,,onboarding
1192,912,premium,2025-05-26,2025-08-05,annual_review
1193,913,mass,2025-01-19,,onboarding
1194,913,mass,2025-01-19,2027-03-24,vip_offer
1195,914,mass,2024-12-04,,onboarding
1196,915,mass,2024-05-01,,onboarding
1197,916,mass,2025-08-07,,onboarding
1198,917,wealth,2025-06-27,,onboarding
1199,918,mass,2024-10-06,,onboarding
1200,919,premium,2025-11-11,,onboarding
1201,919,mass,2025-11-11,2026-07-11,onboarding
1202,920,mass,2025-10-18,,onboarding
1203,921,premium,2025-11-26,,onboarding
1204,921,mass,2025-11-26,2027-09-19,churn_risk
1205,922,premium,2023-12-28,,onboarding
1206,923,wealth,2024-08-12,,onboarding
1207,923,mass,2024-08-12,2025-06-12,annual_review
1208,924,mass,2023-12-07,,onboarding
1209,925,mass,2023-10-09,,onboarding
1210,926,mass,2025-02-14,,onboarding
1211,927,premium,2025-09-28,,onboarding
1212,928,premium,2024-01-28,,onboarding
1213,928,mass,2024-01-28,2026-02-01,churn_risk
1214,929,wealth,2023-11-23,,onboarding
1215,930,mass,2024-07-22,,onboarding
1216,930,premium,2024-07-22,2025-08-15,income_growth
1217,931,mass,2023-12-13,,onboarding
1218,932,mass,2025-05-20,,onboarding
1219,933,mass,2025-01-12,,onboarding
1220,934,mass,2023-08-02,,onboarding
1221,935,mass,2024-12-20,,onboarding
1222,936,wealth,2023-10-25,,onboarding
1223,937,premium,2024-10-12,,onboarding
1224,937,mass,2024-10-12,2026-12-20,income_growth
1225,938,mass,2023-12-04,,onboarding
1226,939,wealth,2024-12-22,,onboarding
1227,940,mass,2023-06-06,,onboarding
1228,940,mass,2023-06-06,2025-04-15,churn_risk
1229,941,premium,2024-11-23,,onboarding
1230,941,mass,2024-11-23,2026-06-21,annual_review
1231,942,mass,2023-11-13,,onboarding
1232,943,mass,2023-05-20,,onboarding
1233,944,mass,2025-05-13,,onboarding
1234,945,premium,2023-09-17,,onboarding
1235,946,wealth,2023-07-18,,onboarding
1236,947,premium,2025-12-05,,onboarding
1237,948,premium,2023-11-04,,onboarding
1238,949,premium,2023-10-20,,onboarding
1239,950,mass,2025-03-11,,onboarding
1240,950,mass,2025-03-11,2025-06-21,onboarding
1241,951,premium,2024-04-18,,onboarding
1242,952,mass,2023-04-19,,onboarding
1243,953,mass,2024-03-21,,onboarding
1244,954,mass,2025-05-28,,onboarding
1245,955,mass,2025-05-10,,onboarding
1246,956,mass,2023-10-13,,onboarding
1247,957,wealth,2024-05-19,,onboarding
1248,957,mass,2024-05-19,2024-10-06,onboarding
1249,958,mass,2025-08-13,,onboarding
1250,958,mass,2025-08-13,2026-11-15,churn_risk
1251,959,mass,2023-06-30,,onboarding
1252,959,premium,2023-06-30,2025-03-01,vip_offer
1253,960,wealth,2025-06-06,,onboarding
1254,961,premium,2025-03-27,,onboarding
1255,962,premium,2024-10-27,,onboarding
1256,963,premium,2025-10-11,,onboarding
1257,964,premium,2025-05-04,,onboarding
1258,964,mass,2025-05-04,2025-10-25,annual_review
1259,965,mass,2023-10-18,,onboarding
1260,966,mass,2025-08-03,,onboarding
1261,966,premium,2025-08-03,2027-09-02,income_growth
1262,967,mass,2025-08-20,,onboarding
1263,967,premium,2025-08-20,2026-06-07,annual_review
1264,968,wealth,2025-03-21,,onboarding
1265,969,mass,2025-06-19,,onboarding
1266,970,mass,2025-10-17,,onboarding
1267,971,wealth,2025-02-25,,onboarding
1268,972,mass,2025-07-27,,onboarding
1269,973,mass,2024-10-24,,onboarding
1270,973,premium,2024-10-24,2026-12-07,onboarding
1271,974,mass,2025-12-08,,onboarding
1272,975,premium,2025-03-21,,onboarding
1273,976,mass,2023-05-06,,onboarding
1274,977,wealth,2023-09-01,,onboarding
1275,977,mass,2023-09-01,2024-01-20,churn_risk
1276,978,mass,2025-01-17,,onboarding
1277,979,wealth,2024-05-22,,onboarding
1278,979,mass,2024-05-22,2026-04-14,annual_review
1279,980,mass,2024-01-20,,onboarding
1280,981,premium,2025-04-19,,onboarding
1281,981,premium,2025-04-19,2026-08-23,churn_risk
1282,982,wealth,2023-04-06,,onboarding
1283,983,mass,2025-10-18,,onboarding
1284,984,mass,2023-10-09,,onboarding
1285,984,premium,2023-10-09,2024-06-09,income_growth
1286,985,mass,2025-05-21,,onboarding
1287,986,wealth,2024-02-20,,onboarding
1288,987,wealth,2023-08-13,,onboarding
1289,988,premium,2025-04-06,,onboarding
1290,988,mass,2025-04-06,2025-06-18,income_growth
1291,989,mass,2024-03-17,,onboarding
1292,990,premium,2025-11-14,,onboarding
1293,990,premium,2025-11-14,2026-01-29,income_growth
1294,991,premium,2024-05-20,,onboarding
1295,992,mass,2025-06-15,,onboarding
1296,993,wealth,2025-10-30,,onboarding
1297,994,premium,2024-07-31,,onboarding
1298,994,premium,2024-07-31,2026-03-12,churn_risk
1299,995,mass,2023-06-23,,onboarding
1300,995,mass,2023-06-23,2024-09-27,income_growth
1301,996,mass,2024-03-04,,onboarding
1302,996,premium,2024-03-04,2025-01-02,churn_risk
1303,997,mass,2025-01-04,,onboarding
1304,998,wealth,2024-05-21,,onboarding
1305,999,premium,2025-03-31,,onboarding
1306,999,mass,2025-03-31,2027-03-23,churn_risk
1307,1000,mass,2024-11-10,,onboarding
1308,1000,mass,2024-11-10,2026-10-09,annual_review
